"","graph","type","node","measure","value"
"1","graph 1",NA,"selfclarity_1","WS",0.239316239316239
"2","graph 1",NA,"selfclarity_2","WS",0.4
"3","graph 1",NA,"selfclarity_3","WS",0.295238095238095
"4","graph 1",NA,"selfclarity_4","WS",0.287749287749288
"5","graph 1",NA,"selfclarity_5","WS",0.477124183006536
"6","graph 1",NA,"selfclarity_6","WS",0.339181286549708
"7","graph 1",NA,"selfclarity_7","WS",0.415204678362573
"8","graph 1",NA,"selfclarity_8","WS",0.304761904761905
"9","graph 1",NA,"selfclarity_9","WS",0.329004329004329
"10","graph 1",NA,"selfclarity_10","WS",0.267692307692308
"11","graph 1",NA,"selfclarity_11","WS",0.274509803921569
"12","graph 1",NA,"selfclarity_12","WS",0.26984126984127
"13","graph 1",NA,"LOT_1","WS",0.311688311688312
"14","graph 1",NA,"LOT_2","WS",0.357894736842105
"15","graph 1",NA,"LOT_3","WS",0.383333333333333
"16","graph 1",NA,"LOT_4","WS",0.321637426900585
"17","graph 1",NA,"LOT_5","WS",0.281045751633987
"18","graph 1",NA,"LOT_6","WS",0.287581699346405
"19","graph 1",NA,"IPC_1","WS",0.179924242424242
"20","graph 1",NA,"IPC_2","WS",0.183006535947712
"21","graph 1",NA,"IPC_3","WS",0.33201581027668
"22","graph 1",NA,"IPC_4","WS",0.198529411764706
"23","graph 1",NA,"IPC_5","WS",0.231527093596059
"24","graph 1",NA,"IPC_6","WS",0.329230769230769
"25","graph 1",NA,"IPC_7","WS",0.333333333333333
"26","graph 1",NA,"IPC_8","WS",0.303030303030303
"27","graph 1",NA,"ses_1","WS",0.301994301994302
"28","graph 1",NA,"ses_2","WS",0.236923076923077
"29","graph 1",NA,"ses_3","WS",0.419047619047619
"30","graph 1",NA,"ses_4","WS",0.415204678362573
"31","graph 1",NA,"ses_5","WS",0.333333333333333
"32","graph 1",NA,"ses_6","WS",0.551470588235294
"33","graph 1",NA,"ses_7","WS",0.516339869281046
"34","graph 1",NA,"ses_8","WS",0.293478260869565
"35","graph 1",NA,"ses_9","WS",0.466666666666667
"36","graph 1",NA,"ses_10","WS",0.67032967032967
"37","graph 1",NA,"coreself_1","WS",0.381766381766382
"38","graph 1",NA,"coreself_2","WS",0.246666666666667
"39","graph 1",NA,"coreself_3","WS",0.353276353276353
"40","graph 1",NA,"coreself_4","WS",0.301149425287356
"41","graph 1",NA,"coreself_5","WS",0.314285714285714
"42","graph 1",NA,"coreself_6","WS",0.5
"43","graph 1",NA,"coreself_7","WS",0.304232804232804
"44","graph 1",NA,"coreself_8","WS",0.333333333333333
"45","graph 1",NA,"coreself_9","WS",0.508771929824561
"46","graph 1",NA,"coreself_10","WS",0.432900432900433
"47","graph 1",NA,"NPI1","WS",0.342105263157895
"48","graph 1",NA,"NPI2","WS",0.419047619047619
"49","graph 1",NA,"NPI3","WS",0.257142857142857
"50","graph 1",NA,"NPI4","WS",0.268421052631579
"51","graph 1",NA,"NPI5","WS",0.472527472527473
"52","graph 1",NA,"NPI6","WS",0.245614035087719
"53","graph 1",NA,"NPI7","WS",0.3
"54","graph 1",NA,"NPI8","WS",0.307692307692308
"55","graph 1",NA,"NPI9","WS",0.181818181818182
"56","graph 1",NA,"NPI10","WS",0.358333333333333
"57","graph 1",NA,"NPI11","WS",0.352941176470588
"58","graph 1",NA,"NPI12","WS",0.461538461538462
"59","graph 1",NA,"NPI13","WS",0.285714285714286
"60","graph 1",NA,"NPI14","WS",0.307692307692308
"61","graph 1",NA,"NPI15","WS",0.342857142857143
"62","graph 1",NA,"hsns_1","WS",0.361904761904762
"63","graph 1",NA,"hsns_2","WS",0.316017316017316
"64","graph 1",NA,"hsns_3","WS",0.347368421052632
"65","graph 1",NA,"hsns_4","WS",0.169230769230769
"66","graph 1",NA,"hsns_5","WS",0.359307359307359
"67","graph 1",NA,"hsns_6","WS",0.3
"68","graph 1",NA,"hsns_7","WS",0.358333333333333
"69","graph 1",NA,"hsns_8","WS",0.313725490196078
"70","graph 1",NA,"hsns_9","WS",0.210526315789474
"71","graph 1",NA,"hsns_10","WS",0.206896551724138
"72","graph 1",NA,"MorIden_1","WS",0.296703296703297
"73","graph 1",NA,"MorIden_2","WS",0.242424242424242
"74","graph 1",NA,"MorIden_3","WS",0.183333333333333
"75","graph 1",NA,"MorIden_4","WS",0.216450216450216
"76","graph 1",NA,"MorIden_5","WS",0.294117647058824
"77","graph 1",NA,"MorIden_6","WS",0.241830065359477
"78","graph 1",NA,"MorIden_7","WS",0.283251231527094
"79","graph 1",NA,"MorIden_8","WS",0.367647058823529
"80","graph 1",NA,"MorIden_9","WS",0.239130434782609
"81","graph 1",NA,"MorIden_10","WS",0.321637426900585
"82","graph 1",NA,"moralSeImag_1","WS",0.308333333333333
"83","graph 1",NA,"moralSeImag_2","WS",0.316666666666667
"84","graph 1",NA,"moralSeImag_3","WS",0.352631578947368
"85","graph 1",NA,"moralSeImag_4","WS",0.5
"86","graph 1",NA,"moralSeImag_5","WS",0.303030303030303
"87","graph 1",NA,"moralSeImag_6","WS",0.347368421052632
"88","graph 1",NA,"moralSeImag_7","WS",0.406593406593407
"89","graph 1",NA,"moralSeImag_8","WS",0.298701298701299
"90","graph 1",NA,"moralSeImag_9","WS",0.241830065359477
"91","graph 1",NA,"sde_1","WS",0.254901960784314
"92","graph 1",NA,"sde_2","WS",0.346666666666667
"93","graph 1",NA,"sde_3","WS",0.177339901477833
"94","graph 1",NA,"sde_4","WS",0.29064039408867
"95","graph 1",NA,"sde_5","WS",0.273333333333333
"96","graph 1",NA,"sde_6","WS",0.383333333333333
"97","graph 1",NA,"sde_7","WS",0.233846153846154
"98","graph 1",NA,"sde_8","WS",0.196581196581197
"99","graph 1",NA,"sde_9","WS",0.330049261083744
"100","graph 1",NA,"sde_10","WS",0.320197044334975
"101","graph 1",NA,"sde_11","WS",0.292490118577075
"102","graph 1",NA,"sde_12","WS",0.38768115942029
"103","graph 1",NA,"sde_13","WS",0.268774703557312
"104","graph 1",NA,"sde_14","WS",0.339181286549708
"105","graph 1",NA,"sde_15","WS",0.258064516129032
"106","graph 1",NA,"sde_16","WS",0.261083743842365
"107","graph 1",NA,"sde_17","WS",0.292490118577075
"108","graph 1",NA,"sde_18","WS",0.302955665024631
"109","graph 1",NA,"sde_19","WS",0.223809523809524
"110","graph 1",NA,"sde_20","WS",0.257246376811594
"111","graph 1",NA,"IM_1","WS",0.333333333333333
"112","graph 1",NA,"IM_2","WS",0.31
"113","graph 1",NA,"IM_3","WS",0.261538461538462
"114","graph 1",NA,"IM_4","WS",0.264615384615385
"115","graph 1",NA,"IM_5","WS",0.346666666666667
"116","graph 1",NA,"IM_6","WS",0.277056277056277
"117","graph 1",NA,"IM_7","WS",0.298461538461538
"118","graph 1",NA,"IM_8","WS",0.272727272727273
"119","graph 1",NA,"IM_9","WS",0.289855072463768
"120","graph 1",NA,"IM_10","WS",0.257352941176471
"121","graph 1",NA,"IM_11","WS",0.274509803921569
"122","graph 1",NA,"IM_12","WS",0.352941176470588
"123","graph 1",NA,"IM_13","WS",0.215789473684211
"124","graph 1",NA,"IM_14","WS",0.404411764705882
"125","graph 1",NA,"IM_15","WS",0.24367816091954
"126","graph 1",NA,"IM_16","WS",0.342857142857143
"127","graph 1",NA,"IM_17","WS",0.292397660818713
"128","graph 1",NA,"IM_18","WS",0.362637362637363
"129","graph 1",NA,"IM_19","WS",0.359307359307359
"130","graph 1",NA,"IM_20","WS",0.271739130434783
"131","graph 1",NA,"Ability","WS",0.233990147783251
"132","graph 1",NA,"Attraction","WS",0.285714285714286
"133","graph 1",NA,"Wealth","WS",0.241666666666667
"134","graph 1",NA,"Social","WS",0.195652173913043
"135","graph 1",NA,"Moral","WS",0.196581196581197
"136","graph 1",NA,"ability_ALT_rt","WS",0.238095238095238
"137","graph 1",NA,"moral_ALT_rt","WS",0.241666666666667
"138","graph 1",NA,"ability_ALT_d","WS",0.219047619047619
"139","graph 1",NA,"moral_ALT_d","WS",0.236363636363636
"140","graph 1",NA,"ability_IAT","WS",0.257575757575758
"141","graph 1",NA,"moral_IAT","WS",0.285714285714286
"142","graph 1",NA,"ability_SRET_EW","WS",0.194581280788177
"143","graph 1",NA,"moral_SRET_EW","WS",0.111111111111111
"144","graph 1",NA,"ability_SRET_rt","WS",0.166666666666667
"145","graph 1",NA,"moral_SRET_rt","WS",0.2
"146","graph 1",NA,"ability_SRET_RJ1_d","WS",0.238095238095238
"147","graph 1",NA,"moral_SRET_RJ1_d","WS",1
"148","graph 1",NA,"ability_SRET_RJ2_d","WS",0.142857142857143
"149","graph 1",NA,"moral_SRET_RJ2_d","WS",0.3
"150","graph 1",NA,"selfclarity_1","Zhang",0.03499466833394
"151","graph 1",NA,"selfclarity_2","Zhang",0.0628076693932288
"152","graph 1",NA,"selfclarity_3","Zhang",0.027195269913318
"153","graph 1",NA,"selfclarity_4","Zhang",0.0182322222917854
"154","graph 1",NA,"selfclarity_5","Zhang",0.0443571406860354
"155","graph 1",NA,"selfclarity_6","Zhang",0.030766994524329
"156","graph 1",NA,"selfclarity_7","Zhang",0.0318237696612214
"157","graph 1",NA,"selfclarity_8","Zhang",0.0612937240322717
"158","graph 1",NA,"selfclarity_9","Zhang",0.0595289263403129
"159","graph 1",NA,"selfclarity_10","Zhang",0.0180474339384343
"160","graph 1",NA,"selfclarity_11","Zhang",0.0311529135721543
"161","graph 1",NA,"selfclarity_12","Zhang",0.0288716392225177
"162","graph 1",NA,"LOT_1","Zhang",0.0255556329528633
"163","graph 1",NA,"LOT_2","Zhang",0.0196443845772516
"164","graph 1",NA,"LOT_3","Zhang",0.029359019432101
"165","graph 1",NA,"LOT_4","Zhang",0.0266280834327903
"166","graph 1",NA,"LOT_5","Zhang",0.0173833865254085
"167","graph 1",NA,"LOT_6","Zhang",0.0255977726560401
"168","graph 1",NA,"IPC_1","Zhang",0.00853505810678625
"169","graph 1",NA,"IPC_2","Zhang",0.0204097692487759
"170","graph 1",NA,"IPC_3","Zhang",0.0215453679148282
"171","graph 1",NA,"IPC_4","Zhang",0.00779222898906598
"172","graph 1",NA,"IPC_5","Zhang",0.0174297423348551
"173","graph 1",NA,"IPC_6","Zhang",0.0187025198182044
"174","graph 1",NA,"IPC_7","Zhang",0.0165088675232509
"175","graph 1",NA,"IPC_8","Zhang",0.0292212291349815
"176","graph 1",NA,"ses_1","Zhang",0.0233345988689342
"177","graph 1",NA,"ses_2","Zhang",0.0156689220725273
"178","graph 1",NA,"ses_3","Zhang",0.0385355949362285
"179","graph 1",NA,"ses_4","Zhang",0.0324129629421241
"180","graph 1",NA,"ses_5","Zhang",0.0224062077226859
"181","graph 1",NA,"ses_6","Zhang",0.0425063781636621
"182","graph 1",NA,"ses_7","Zhang",0.0384705738237019
"183","graph 1",NA,"ses_8","Zhang",0.0198032510119748
"184","graph 1",NA,"ses_9","Zhang",0.040437567855401
"185","graph 1",NA,"ses_10","Zhang",0.0436116985424187
"186","graph 1",NA,"coreself_1","Zhang",0.0312654619701225
"187","graph 1",NA,"coreself_2","Zhang",0.027457723906126
"188","graph 1",NA,"coreself_3","Zhang",0.026541994845687
"189","graph 1",NA,"coreself_4","Zhang",0.020037464940753
"190","graph 1",NA,"coreself_5","Zhang",0.0302201657606264
"191","graph 1",NA,"coreself_6","Zhang",0.0344237833822508
"192","graph 1",NA,"coreself_7","Zhang",0.0306511365152896
"193","graph 1",NA,"coreself_8","Zhang",0.0306347130157781
"194","graph 1",NA,"coreself_9","Zhang",0.0308546630770022
"195","graph 1",NA,"coreself_10","Zhang",0.0294562107532172
"196","graph 1",NA,"NPI1","Zhang",0.027559705807076
"197","graph 1",NA,"NPI2","Zhang",0.0621904756122325
"198","graph 1",NA,"NPI3","Zhang",0.0225218639626274
"199","graph 1",NA,"NPI4","Zhang",0.0633246865733572
"200","graph 1",NA,"NPI5","Zhang",0.0537302225372376
"201","graph 1",NA,"NPI6","Zhang",0.0200884365015291
"202","graph 1",NA,"NPI7","Zhang",0.0197032926061892
"203","graph 1",NA,"NPI8","Zhang",0.024192180368344
"204","graph 1",NA,"NPI9","Zhang",0.00509506304870588
"205","graph 1",NA,"NPI10","Zhang",0.0630630691564501
"206","graph 1",NA,"NPI11","Zhang",0.0448942341110949
"207","graph 1",NA,"NPI12","Zhang",0.0493768612723232
"208","graph 1",NA,"NPI13","Zhang",0.023720696924675
"209","graph 1",NA,"NPI14","Zhang",0.018066922461234
"210","graph 1",NA,"NPI15","Zhang",0.0323638515346565
"211","graph 1",NA,"hsns_1","Zhang",0.0264545067363974
"212","graph 1",NA,"hsns_2","Zhang",0.0235354273523506
"213","graph 1",NA,"hsns_3","Zhang",0.0367863199171104
"214","graph 1",NA,"hsns_4","Zhang",0.00821584926184084
"215","graph 1",NA,"hsns_5","Zhang",0.0182991569623619
"216","graph 1",NA,"hsns_6","Zhang",0.0175450992505188
"217","graph 1",NA,"hsns_7","Zhang",0.0287887510854534
"218","graph 1",NA,"hsns_8","Zhang",0.0271629581261381
"219","graph 1",NA,"hsns_9","Zhang",0.0253630658856722
"220","graph 1",NA,"hsns_10","Zhang",0.00546227382016042
"221","graph 1",NA,"MorIden_1","Zhang",0.00939020685539053
"222","graph 1",NA,"MorIden_2","Zhang",0.034760562897494
"223","graph 1",NA,"MorIden_3","Zhang",0.0135310032637154
"224","graph 1",NA,"MorIden_4","Zhang",0.0402327919920365
"225","graph 1",NA,"MorIden_5","Zhang",0.0244967761998692
"226","graph 1",NA,"MorIden_6","Zhang",0.034390147753982
"227","graph 1",NA,"MorIden_7","Zhang",0.0393299619969985
"228","graph 1",NA,"MorIden_8","Zhang",0.0391813806734541
"229","graph 1",NA,"MorIden_9","Zhang",0.0311025614817179
"230","graph 1",NA,"MorIden_10","Zhang",0.0300198384421962
"231","graph 1",NA,"moralSeImag_1","Zhang",0.0600982382563002
"232","graph 1",NA,"moralSeImag_2","Zhang",0.0758264979674931
"233","graph 1",NA,"moralSeImag_3","Zhang",0.0490725611918823
"234","graph 1",NA,"moralSeImag_4","Zhang",0.0787260631789071
"235","graph 1",NA,"moralSeImag_5","Zhang",0.0551534207417873
"236","graph 1",NA,"moralSeImag_6","Zhang",0.0493414673027604
"237","graph 1",NA,"moralSeImag_7","Zhang",0.0824895607434518
"238","graph 1",NA,"moralSeImag_8","Zhang",0.0450262914845727
"239","graph 1",NA,"moralSeImag_9","Zhang",0.0619598664025989
"240","graph 1",NA,"sde_1","Zhang",0.0171112255403512
"241","graph 1",NA,"sde_2","Zhang",0.0188026257736079
"242","graph 1",NA,"sde_3","Zhang",0.0175327121647026
"243","graph 1",NA,"sde_4","Zhang",0.0161833876689679
"244","graph 1",NA,"sde_5","Zhang",0.0251517295700714
"245","graph 1",NA,"sde_6","Zhang",0.0268822050924146
"246","graph 1",NA,"sde_7","Zhang",0.01698741096869
"247","graph 1",NA,"sde_8","Zhang",0.0110030443548097
"248","graph 1",NA,"sde_9","Zhang",0.0178891246149004
"249","graph 1",NA,"sde_10","Zhang",0.0241298341945053
"250","graph 1",NA,"sde_11","Zhang",0.0220695971736012
"251","graph 1",NA,"sde_12","Zhang",0.0282712367180901
"252","graph 1",NA,"sde_13","Zhang",0.0115766590291388
"253","graph 1",NA,"sde_14","Zhang",0.0347441579684302
"254","graph 1",NA,"sde_15","Zhang",0.0127163415160067
"255","graph 1",NA,"sde_16","Zhang",0.012826173914244
"256","graph 1",NA,"sde_17","Zhang",0.0202982442381699
"257","graph 1",NA,"sde_18","Zhang",0.0216333059884368
"258","graph 1",NA,"sde_19","Zhang",0.02614812553946
"259","graph 1",NA,"sde_20","Zhang",0.0212699243384923
"260","graph 1",NA,"IM_1","Zhang",0.0377224572559621
"261","graph 1",NA,"IM_2","Zhang",0.0189672117651691
"262","graph 1",NA,"IM_3","Zhang",0.0195085262161701
"263","graph 1",NA,"IM_4","Zhang",0.015998981207609
"264","graph 1",NA,"IM_5","Zhang",0.0353211538947978
"265","graph 1",NA,"IM_6","Zhang",0.0227879853776214
"266","graph 1",NA,"IM_7","Zhang",0.0257054551472271
"267","graph 1",NA,"IM_8","Zhang",0.0186769903574418
"268","graph 1",NA,"IM_9","Zhang",0.0280870036303816
"269","graph 1",NA,"IM_10","Zhang",0.0161940724652339
"270","graph 1",NA,"IM_11","Zhang",0.0273891852001167
"271","graph 1",NA,"IM_12","Zhang",0.0333580599626574
"272","graph 1",NA,"IM_13","Zhang",0.0245007359581899
"273","graph 1",NA,"IM_14","Zhang",0.0393670884192234
"274","graph 1",NA,"IM_15","Zhang",0.0225323423210842
"275","graph 1",NA,"IM_16","Zhang",0.0298711300260537
"276","graph 1",NA,"IM_17","Zhang",0.0340288908118989
"277","graph 1",NA,"IM_18","Zhang",0.0434416254655652
"278","graph 1",NA,"IM_19","Zhang",0.0249038796063966
"279","graph 1",NA,"IM_20","Zhang",0.0231641832171113
"280","graph 1",NA,"Ability","Zhang",0.0295721055491078
"281","graph 1",NA,"Attraction","Zhang",0.0431186617212202
"282","graph 1",NA,"Wealth","Zhang",0.0526126195272748
"283","graph 1",NA,"Social","Zhang",0.0304698561636764
"284","graph 1",NA,"Moral","Zhang",0.023228798782221
"285","graph 1",NA,"ability_ALT_rt","Zhang",0.00637999729926952
"286","graph 1",NA,"moral_ALT_rt","Zhang",0.00619092225897476
"287","graph 1",NA,"ability_ALT_d","Zhang",0.00701041877514712
"288","graph 1",NA,"moral_ALT_d","Zhang",0.00466115362318088
"289","graph 1",NA,"ability_IAT","Zhang",0.0060396323955355
"290","graph 1",NA,"moral_IAT","Zhang",0.00578051363605478
"291","graph 1",NA,"ability_SRET_EW","Zhang",0.00757905512595515
"292","graph 1",NA,"moral_SRET_EW","Zhang",0.00888022089203528
"293","graph 1",NA,"ability_SRET_rt","Zhang",0.000962814924005036
"294","graph 1",NA,"moral_SRET_rt","Zhang",5.1131964794177e-05
"295","graph 1",NA,"ability_SRET_RJ1_d","Zhang",0.0106362846163274
"296","graph 1",NA,"moral_SRET_RJ1_d","Zhang",0.0248384342099154
"297","graph 1",NA,"ability_SRET_RJ2_d","Zhang",0.0100693000258825
"298","graph 1",NA,"moral_SRET_RJ2_d","Zhang",0.0215129189576432
"299","graph 1",NA,"selfclarity_1","Onnela",0.0082500013463647
"300","graph 1",NA,"selfclarity_2","Onnela",0.0176836617994397
"301","graph 1",NA,"selfclarity_3","Onnela",0.0100934133759363
"302","graph 1",NA,"selfclarity_4","Onnela",0.0105342813096903
"303","graph 1",NA,"selfclarity_5","Onnela",0.022807563123096
"304","graph 1",NA,"selfclarity_6","Onnela",0.0145206983308159
"305","graph 1",NA,"selfclarity_7","Onnela",0.0143031418425863
"306","graph 1",NA,"selfclarity_8","Onnela",0.014760355346842
"307","graph 1",NA,"selfclarity_9","Onnela",0.0143368579855279
"308","graph 1",NA,"selfclarity_10","Onnela",0.00831524820034039
"309","graph 1",NA,"selfclarity_11","Onnela",0.0173136309531038
"310","graph 1",NA,"selfclarity_12","Onnela",0.0111434691596872
"311","graph 1",NA,"LOT_1","Onnela",0.00928992060665811
"312","graph 1",NA,"LOT_2","Onnela",0.0135223740514761
"313","graph 1",NA,"LOT_3","Onnela",0.0141906180633614
"314","graph 1",NA,"LOT_4","Onnela",0.00996229862695186
"315","graph 1",NA,"LOT_5","Onnela",0.0111775775911001
"316","graph 1",NA,"LOT_6","Onnela",0.0104285852666212
"317","graph 1",NA,"IPC_1","Onnela",0.00602806288855685
"318","graph 1",NA,"IPC_2","Onnela",0.00558559778143332
"319","graph 1",NA,"IPC_3","Onnela",0.0113177525136818
"320","graph 1",NA,"IPC_4","Onnela",0.00533894812764884
"321","graph 1",NA,"IPC_5","Onnela",0.00827358957077428
"322","graph 1",NA,"IPC_6","Onnela",0.00944586231556165
"323","graph 1",NA,"IPC_7","Onnela",0.0114791306812111
"324","graph 1",NA,"IPC_8","Onnela",0.0103847597655385
"325","graph 1",NA,"ses_1","Onnela",0.0108319906272712
"326","graph 1",NA,"ses_2","Onnela",0.00732193127548458
"327","graph 1",NA,"ses_3","Onnela",0.0164156121970106
"328","graph 1",NA,"ses_4","Onnela",0.0157808261088904
"329","graph 1",NA,"ses_5","Onnela",0.0122891549443016
"330","graph 1",NA,"ses_6","Onnela",0.0294553302351793
"331","graph 1",NA,"ses_7","Onnela",0.0240232861551701
"332","graph 1",NA,"ses_8","Onnela",0.00781116738853094
"333","graph 1",NA,"ses_9","Onnela",0.0238745688416762
"334","graph 1",NA,"ses_10","Onnela",0.0329030136621385
"335","graph 1",NA,"coreself_1","Onnela",0.0140334927073146
"336","graph 1",NA,"coreself_2","Onnela",0.0112931863060338
"337","graph 1",NA,"coreself_3","Onnela",0.0138275145163286
"338","graph 1",NA,"coreself_4","Onnela",0.00884962552660333
"339","graph 1",NA,"coreself_5","Onnela",0.0122968115679409
"340","graph 1",NA,"coreself_6","Onnela",0.0221528239829456
"341","graph 1",NA,"coreself_7","Onnela",0.012388706226709
"342","graph 1",NA,"coreself_8","Onnela",0.011829316691162
"343","graph 1",NA,"coreself_9","Onnela",0.0209405188061786
"344","graph 1",NA,"coreself_10","Onnela",0.0184485860856294
"345","graph 1",NA,"NPI1","Onnela",0.0147393512725696
"346","graph 1",NA,"NPI2","Onnela",0.0238060965630568
"347","graph 1",NA,"NPI3","Onnela",0.0105353202834366
"348","graph 1",NA,"NPI4","Onnela",0.0145421748599325
"349","graph 1",NA,"NPI5","Onnela",0.0286323597112475
"350","graph 1",NA,"NPI6","Onnela",0.0102463923087525
"351","graph 1",NA,"NPI7","Onnela",0.0110778772672863
"352","graph 1",NA,"NPI8","Onnela",0.0150382137050664
"353","graph 1",NA,"NPI9","Onnela",0.00559085314151854
"354","graph 1",NA,"NPI10","Onnela",0.0209723806490972
"355","graph 1",NA,"NPI11","Onnela",0.0179535914499466
"356","graph 1",NA,"NPI12","Onnela",0.0115528323489074
"357","graph 1",NA,"NPI13","Onnela",0.0103163910233808
"358","graph 1",NA,"NPI14","Onnela",0.00709770142127922
"359","graph 1",NA,"NPI15","Onnela",0.0178418545799605
"360","graph 1",NA,"hsns_1","Onnela",0.0139716872424875
"361","graph 1",NA,"hsns_2","Onnela",0.0120519091141888
"362","graph 1",NA,"hsns_3","Onnela",0.0138072677641109
"363","graph 1",NA,"hsns_4","Onnela",0.00400915914905496
"364","graph 1",NA,"hsns_5","Onnela",0.0149957836571761
"365","graph 1",NA,"hsns_6","Onnela",0.0102071651615002
"366","graph 1",NA,"hsns_7","Onnela",0.0177748642903323
"367","graph 1",NA,"hsns_8","Onnela",0.0131505929343558
"368","graph 1",NA,"hsns_9","Onnela",0.0064964030069792
"369","graph 1",NA,"hsns_10","Onnela",0.00539014795628049
"370","graph 1",NA,"MorIden_1","Onnela",0.0119579518802893
"371","graph 1",NA,"MorIden_2","Onnela",0.00839029232306373
"372","graph 1",NA,"MorIden_3","Onnela",0.00560991368085739
"373","graph 1",NA,"MorIden_4","Onnela",0.00673508090636426
"374","graph 1",NA,"MorIden_5","Onnela",0.0126047658254579
"375","graph 1",NA,"MorIden_6","Onnela",0.0105390438667729
"376","graph 1",NA,"MorIden_7","Onnela",0.00791271878437084
"377","graph 1",NA,"MorIden_8","Onnela",0.0144559556412332
"378","graph 1",NA,"MorIden_9","Onnela",0.0100559433117705
"379","graph 1",NA,"MorIden_10","Onnela",0.0123464632032066
"380","graph 1",NA,"moralSeImag_1","Onnela",0.0214004843045245
"381","graph 1",NA,"moralSeImag_2","Onnela",0.02141044094795
"382","graph 1",NA,"moralSeImag_3","Onnela",0.0192187844329069
"383","graph 1",NA,"moralSeImag_4","Onnela",0.0424661055914482
"384","graph 1",NA,"moralSeImag_5","Onnela",0.0145224989511755
"385","graph 1",NA,"moralSeImag_6","Onnela",0.0164067136246786
"386","graph 1",NA,"moralSeImag_7","Onnela",0.0352385789145175
"387","graph 1",NA,"moralSeImag_8","Onnela",0.0151294093326823
"388","graph 1",NA,"moralSeImag_9","Onnela",0.015914501734259
"389","graph 1",NA,"sde_1","Onnela",0.00926024880674685
"390","graph 1",NA,"sde_2","Onnela",0.0124070392569971
"391","graph 1",NA,"sde_3","Onnela",0.0058412534428632
"392","graph 1",NA,"sde_4","Onnela",0.00801458940882539
"393","graph 1",NA,"sde_5","Onnela",0.0094476536342508
"394","graph 1",NA,"sde_6","Onnela",0.0177659485288652
"395","graph 1",NA,"sde_7","Onnela",0.00707410804281355
"396","graph 1",NA,"sde_8","Onnela",0.00512154737050668
"397","graph 1",NA,"sde_9","Onnela",0.0106822127098112
"398","graph 1",NA,"sde_10","Onnela",0.0128520263548669
"399","graph 1",NA,"sde_11","Onnela",0.010956242186551
"400","graph 1",NA,"sde_12","Onnela",0.0163931773808693
"401","graph 1",NA,"sde_13","Onnela",0.00869795252519329
"402","graph 1",NA,"sde_14","Onnela",0.0155996937179701
"403","graph 1",NA,"sde_15","Onnela",0.00724197087965461
"404","graph 1",NA,"sde_16","Onnela",0.00757371569767828
"405","graph 1",NA,"sde_17","Onnela",0.0119428975501294
"406","graph 1",NA,"sde_18","Onnela",0.00855956299542315
"407","graph 1",NA,"sde_19","Onnela",0.00752538499855219
"408","graph 1",NA,"sde_20","Onnela",0.0116047505235034
"409","graph 1",NA,"IM_1","Onnela",0.0214462198418809
"410","graph 1",NA,"IM_2","Onnela",0.0128628903097134
"411","graph 1",NA,"IM_3","Onnela",0.0106452372034922
"412","graph 1",NA,"IM_4","Onnela",0.0105669918787818
"413","graph 1",NA,"IM_5","Onnela",0.0140430798175093
"414","graph 1",NA,"IM_6","Onnela",0.0111226137506298
"415","graph 1",NA,"IM_7","Onnela",0.00944248603802144
"416","graph 1",NA,"IM_8","Onnela",0.0079647257670505
"417","graph 1",NA,"IM_9","Onnela",0.0128316582203021
"418","graph 1",NA,"IM_10","Onnela",0.00802885481998838
"419","graph 1",NA,"IM_11","Onnela",0.0128451581714534
"420","graph 1",NA,"IM_12","Onnela",0.0169150604996159
"421","graph 1",NA,"IM_13","Onnela",0.00908431078630748
"422","graph 1",NA,"IM_14","Onnela",0.0209640894573932
"423","graph 1",NA,"IM_15","Onnela",0.00828194839907158
"424","graph 1",NA,"IM_16","Onnela",0.0150022509450131
"425","graph 1",NA,"IM_17","Onnela",0.0142030210089602
"426","graph 1",NA,"IM_18","Onnela",0.0167304544708639
"427","graph 1",NA,"IM_19","Onnela",0.0166531279566348
"428","graph 1",NA,"IM_20","Onnela",0.010825335455067
"429","graph 1",NA,"Ability","Onnela",0.00936045351354108
"430","graph 1",NA,"Attraction","Onnela",0.011429489724518
"431","graph 1",NA,"Wealth","Onnela",0.0108537738604796
"432","graph 1",NA,"Social","Onnela",0.00865842261180896
"433","graph 1",NA,"Moral","Onnela",0.0067705010442244
"434","graph 1",NA,"ability_ALT_rt","Onnela",0.00671563340032359
"435","graph 1",NA,"moral_ALT_rt","Onnela",0.00521075066978752
"436","graph 1",NA,"ability_ALT_d","Onnela",0.00523530497169031
"437","graph 1",NA,"moral_ALT_d","Onnela",0.00606661869104092
"438","graph 1",NA,"ability_IAT","Onnela",0.00718270616374881
"439","graph 1",NA,"moral_IAT","Onnela",0.00709967934301232
"440","graph 1",NA,"ability_SRET_EW","Onnela",0.00626396271082229
"441","graph 1",NA,"moral_SRET_EW","Onnela",0.00526327933344501
"442","graph 1",NA,"ability_SRET_rt","Onnela",0.00309030938732928
"443","graph 1",NA,"moral_SRET_rt","Onnela",0.00101717669272551
"444","graph 1",NA,"ability_SRET_RJ1_d","Onnela",0.00500563570441506
"445","graph 1",NA,"moral_SRET_RJ1_d","Onnela",0.0123039952545397
"446","graph 1",NA,"ability_SRET_RJ2_d","Onnela",0.00679564086795666
"447","graph 1",NA,"moral_SRET_RJ2_d","Onnela",0.0170021305684021
"448","graph 1",NA,"selfclarity_1","Barrat",0.287660135941341
"449","graph 1",NA,"selfclarity_2","Barrat",0.523400043539741
"450","graph 1",NA,"selfclarity_3","Barrat",0.350198209953144
"451","graph 1",NA,"selfclarity_4","Barrat",0.311366910926785
"452","graph 1",NA,"selfclarity_5","Barrat",0.54282456897331
"453","graph 1",NA,"selfclarity_6","Barrat",0.38107975572696
"454","graph 1",NA,"selfclarity_7","Barrat",0.499525435813542
"455","graph 1",NA,"selfclarity_8","Barrat",0.449076357438523
"456","graph 1",NA,"selfclarity_9","Barrat",0.420047253545388
"457","graph 1",NA,"selfclarity_10","Barrat",0.306195370719442
"458","graph 1",NA,"selfclarity_11","Barrat",0.418316574647708
"459","graph 1",NA,"selfclarity_12","Barrat",0.325109021723636
"460","graph 1",NA,"LOT_1","Barrat",0.362656681098526
"461","graph 1",NA,"LOT_2","Barrat",0.387227678011678
"462","graph 1",NA,"LOT_3","Barrat",0.432328713143087
"463","graph 1",NA,"LOT_4","Barrat",0.331819888608983
"464","graph 1",NA,"LOT_5","Barrat",0.302925575291434
"465","graph 1",NA,"LOT_6","Barrat",0.362871391114249
"466","graph 1",NA,"IPC_1","Barrat",0.182528059620456
"467","graph 1",NA,"IPC_2","Barrat",0.243340659246555
"468","graph 1",NA,"IPC_3","Barrat",0.365114363717235
"469","graph 1",NA,"IPC_4","Barrat",0.19260692449693
"470","graph 1",NA,"IPC_5","Barrat",0.271503033343257
"471","graph 1",NA,"IPC_6","Barrat",0.339184306328705
"472","graph 1",NA,"IPC_7","Barrat",0.329442654417786
"473","graph 1",NA,"IPC_8","Barrat",0.35873063969681
"474","graph 1",NA,"ses_1","Barrat",0.326364649974496
"475","graph 1",NA,"ses_2","Barrat",0.263327497992742
"476","graph 1",NA,"ses_3","Barrat",0.480630925559886
"477","graph 1",NA,"ses_4","Barrat",0.497755895049976
"478","graph 1",NA,"ses_5","Barrat",0.352783946111922
"479","graph 1",NA,"ses_6","Barrat",0.605217224380513
"480","graph 1",NA,"ses_7","Barrat",0.572418216128412
"481","graph 1",NA,"ses_8","Barrat",0.299967730829145
"482","graph 1",NA,"ses_9","Barrat",0.55826326283145
"483","graph 1",NA,"ses_10","Barrat",0.726480285259217
"484","graph 1",NA,"coreself_1","Barrat",0.429827908367662
"485","graph 1",NA,"coreself_2","Barrat",0.308828764912813
"486","graph 1",NA,"coreself_3","Barrat",0.388691118116126
"487","graph 1",NA,"coreself_4","Barrat",0.322718405688421
"488","graph 1",NA,"coreself_5","Barrat",0.413417369004918
"489","graph 1",NA,"coreself_6","Barrat",0.573116687275864
"490","graph 1",NA,"coreself_7","Barrat",0.36088674600151
"491","graph 1",NA,"coreself_8","Barrat",0.385758295131918
"492","graph 1",NA,"coreself_9","Barrat",0.576928726864696
"493","graph 1",NA,"coreself_10","Barrat",0.487860748017902
"494","graph 1",NA,"NPI1","Barrat",0.384930512233499
"495","graph 1",NA,"NPI2","Barrat",0.592021274488755
"496","graph 1",NA,"NPI3","Barrat",0.311921935513353
"497","graph 1",NA,"NPI4","Barrat",0.391637183385037
"498","graph 1",NA,"NPI5","Barrat",0.580785041754945
"499","graph 1",NA,"NPI6","Barrat",0.25928234147273
"500","graph 1",NA,"NPI7","Barrat",0.324289009530925
"501","graph 1",NA,"NPI8","Barrat",0.413078829109611
"502","graph 1",NA,"NPI9","Barrat",0.200770669495832
"503","graph 1",NA,"NPI10","Barrat",0.529298910431139
"504","graph 1",NA,"NPI11","Barrat",0.457615396425929
"505","graph 1",NA,"NPI12","Barrat",0.496759599289935
"506","graph 1",NA,"NPI13","Barrat",0.307787735453225
"507","graph 1",NA,"NPI14","Barrat",0.410941554075782
"508","graph 1",NA,"NPI15","Barrat",0.449246341767532
"509","graph 1",NA,"hsns_1","Barrat",0.399665843809825
"510","graph 1",NA,"hsns_2","Barrat",0.348155152164333
"511","graph 1",NA,"hsns_3","Barrat",0.44379529226171
"512","graph 1",NA,"hsns_4","Barrat",0.20399142502507
"513","graph 1",NA,"hsns_5","Barrat",0.390650176530283
"514","graph 1",NA,"hsns_6","Barrat",0.304726447549616
"515","graph 1",NA,"hsns_7","Barrat",0.455606343020414
"516","graph 1",NA,"hsns_8","Barrat",0.379338388610319
"517","graph 1",NA,"hsns_9","Barrat",0.241620047773357
"518","graph 1",NA,"hsns_10","Barrat",0.192913254498018
"519","graph 1",NA,"MorIden_1","Barrat",0.272769373573137
"520","graph 1",NA,"MorIden_2","Barrat",0.29358647198472
"521","graph 1",NA,"MorIden_3","Barrat",0.186249588130099
"522","graph 1",NA,"MorIden_4","Barrat",0.270843579068296
"523","graph 1",NA,"MorIden_5","Barrat",0.326460375409517
"524","graph 1",NA,"MorIden_6","Barrat",0.29234352178504
"525","graph 1",NA,"MorIden_7","Barrat",0.33191785141499
"526","graph 1",NA,"MorIden_8","Barrat",0.380151027344304
"527","graph 1",NA,"MorIden_9","Barrat",0.313924051671464
"528","graph 1",NA,"MorIden_10","Barrat",0.374202765589829
"529","graph 1",NA,"moralSeImag_1","Barrat",0.431475171156436
"530","graph 1",NA,"moralSeImag_2","Barrat",0.438861362760951
"531","graph 1",NA,"moralSeImag_3","Barrat",0.460638668517595
"532","graph 1",NA,"moralSeImag_4","Barrat",0.626695389120539
"533","graph 1",NA,"moralSeImag_5","Barrat",0.3669985272596
"534","graph 1",NA,"moralSeImag_6","Barrat",0.42120658215454
"535","graph 1",NA,"moralSeImag_7","Barrat",0.556963056768225
"536","graph 1",NA,"moralSeImag_8","Barrat",0.406400987582976
"537","graph 1",NA,"moralSeImag_9","Barrat",0.378649558119582
"538","graph 1",NA,"sde_1","Barrat",0.287444230675815
"539","graph 1",NA,"sde_2","Barrat",0.367646777267667
"540","graph 1",NA,"sde_3","Barrat",0.207065865517578
"541","graph 1",NA,"sde_4","Barrat",0.314179703799346
"542","graph 1",NA,"sde_5","Barrat",0.302741897501102
"543","graph 1",NA,"sde_6","Barrat",0.439174238807896
"544","graph 1",NA,"sde_7","Barrat",0.231979357083793
"545","graph 1",NA,"sde_8","Barrat",0.228271840111241
"546","graph 1",NA,"sde_9","Barrat",0.327619702334571
"547","graph 1",NA,"sde_10","Barrat",0.374430115232675
"548","graph 1",NA,"sde_11","Barrat",0.344716775178926
"549","graph 1",NA,"sde_12","Barrat",0.426999797997863
"550","graph 1",NA,"sde_13","Barrat",0.28196241413837
"551","graph 1",NA,"sde_14","Barrat",0.427607024876756
"552","graph 1",NA,"sde_15","Barrat",0.274250164766893
"553","graph 1",NA,"sde_16","Barrat",0.286219145100076
"554","graph 1",NA,"sde_17","Barrat",0.347094353135782
"555","graph 1",NA,"sde_18","Barrat",0.342892001953016
"556","graph 1",NA,"sde_19","Barrat",0.250400773505692
"557","graph 1",NA,"sde_20","Barrat",0.329455901343159
"558","graph 1",NA,"IM_1","Barrat",0.392043798062991
"559","graph 1",NA,"IM_2","Barrat",0.329946557787146
"560","graph 1",NA,"IM_3","Barrat",0.276887376594482
"561","graph 1",NA,"IM_4","Barrat",0.317360969444218
"562","graph 1",NA,"IM_5","Barrat",0.392366589552353
"563","graph 1",NA,"IM_6","Barrat",0.334302036291501
"564","graph 1",NA,"IM_7","Barrat",0.31095140959133
"565","graph 1",NA,"IM_8","Barrat",0.28734248890302
"566","graph 1",NA,"IM_9","Barrat",0.3261743397406
"567","graph 1",NA,"IM_10","Barrat",0.301334748595262
"568","graph 1",NA,"IM_11","Barrat",0.333082847654058
"569","graph 1",NA,"IM_12","Barrat",0.436398553813694
"570","graph 1",NA,"IM_13","Barrat",0.267149840076934
"571","graph 1",NA,"IM_14","Barrat",0.465765137145544
"572","graph 1",NA,"IM_15","Barrat",0.275333463281947
"573","graph 1",NA,"IM_16","Barrat",0.384055671567359
"574","graph 1",NA,"IM_17","Barrat",0.399527692335655
"575","graph 1",NA,"IM_18","Barrat",0.409159927769878
"576","graph 1",NA,"IM_19","Barrat",0.426203191249468
"577","graph 1",NA,"IM_20","Barrat",0.306380301333188
"578","graph 1",NA,"Ability","Barrat",0.266750777032625
"579","graph 1",NA,"Attraction","Barrat",0.327817790091222
"580","graph 1",NA,"Wealth","Barrat",0.324130771587987
"581","graph 1",NA,"Social","Barrat",0.229031034485794
"582","graph 1",NA,"Moral","Barrat",0.206475139969428
"583","graph 1",NA,"ability_ALT_rt","Barrat",0.378219832755974
"584","graph 1",NA,"moral_ALT_rt","Barrat",0.200378692753414
"585","graph 1",NA,"ability_ALT_d","Barrat",0.366328174608473
"586","graph 1",NA,"moral_ALT_d","Barrat",0.288507737193741
"587","graph 1",NA,"ability_IAT","Barrat",0.190371589546315
"588","graph 1",NA,"moral_IAT","Barrat",0.247005383772891
"589","graph 1",NA,"ability_SRET_EW","Barrat",0.169657113466743
"590","graph 1",NA,"moral_SRET_EW","Barrat",0.134288962888427
"591","graph 1",NA,"ability_SRET_rt","Barrat",0.099168839248596
"592","graph 1",NA,"moral_SRET_rt","Barrat",0.243059132049215
"593","graph 1",NA,"ability_SRET_RJ1_d","Barrat",0.213148908270448
"594","graph 1",NA,"moral_SRET_RJ1_d","Barrat",1
"595","graph 1",NA,"ability_SRET_RJ2_d","Barrat",0.157540421703516
"596","graph 1",NA,"moral_SRET_RJ2_d","Barrat",0.297396344032698
